{
    "neutral": {
        "precision": 0.8677685950413223,
        "recall": 0.8677685950413223,
        "f1-score": 0.8677685950413223,
        "support": 121.0
    },
    "sadness": {
        "precision": 0.957983193277311,
        "recall": 0.9421487603305785,
        "f1-score": 0.95,
        "support": 121.0
    },
    "happiness": {
        "precision": 0.8131868131868132,
        "recall": 0.6788990825688074,
        "f1-score": 0.74,
        "support": 109.0
    },
    "anger": {
        "precision": 0.832,
        "recall": 0.896551724137931,
        "f1-score": 0.8630705394190872,
        "support": 116.0
    },
    "fear": {
        "precision": 0.8165137614678899,
        "recall": 0.8317757009345794,
        "f1-score": 0.8240740740740741,
        "support": 107.0
    },
    "surprised": {
        "precision": 0.6574074074074074,
        "recall": 0.7171717171717171,
        "f1-score": 0.6859903381642513,
        "support": 99.0
    },
    "accuracy": 0.8276374442793462,
    "macro avg": {
        "precision": 0.8241432950634574,
        "recall": 0.8223859300308226,
        "f1-score": 0.8218172577831225,
        "support": 673.0
    },
    "weighted avg": {
        "precision": 0.8298895019826372,
        "recall": 0.8276374442793462,
        "f1-score": 0.8273627815405661,
        "support": 673.0
    }
}