{
    "raw": [
        [
            105,
            4,
            3,
            4,
            1,
            4
        ],
        [
            4,
            114,
            0,
            0,
            1,
            2
        ],
        [
            7,
            0,
            74,
            5,
            3,
            20
        ],
        [
            2,
            0,
            3,
            104,
            5,
            2
        ],
        [
            0,
            1,
            2,
            6,
            89,
            9
        ],
        [
            3,
            0,
            9,
            6,
            10,
            71
        ]
    ],
    "normalized": [
        [
            0.8677685950413223,
            0.03305785123966942,
            0.024793388429752067,
            0.03305785123966942,
            0.008264462809917356,
            0.03305785123966942
        ],
        [
            0.03305785123966942,
            0.9421487603305785,
            0.0,
            0.0,
            0.008264462809917356,
            0.01652892561983471
        ],
        [
            0.06422018348623854,
            0.0,
            0.6788990825688074,
            0.045871559633027525,
            0.027522935779816515,
            0.1834862385321101
        ],
        [
            0.017241379310344827,
            0.0,
            0.02586206896551724,
            0.896551724137931,
            0.04310344827586207,
            0.017241379310344827
        ],
        [
            0.0,
            0.009345794392523364,
            0.018691588785046728,
            0.056074766355140186,
            0.8317757009345794,
            0.08411214953271028
        ],
        [
            0.030303030303030304,
            0.0,
            0.09090909090909091,
            0.06060606060606061,
            0.10101010101010101,
            0.7171717171717171
        ]
    ],
    "class_names": [
        "neutral",
        "sadness",
        "happiness",
        "anger",
        "fear",
        "surprised"
    ]
}