{
    "train_loss": [
        9.095428773335048,
        6.734577098671271,
        5.635597097630403,
        4.972443534403431,
        4.63908787649505,
        4.033505917811881,
        3.5162478283959993,
        3.199657752197616,
        2.786472646557555,
        2.534536667016088,
        2.4076456883732154,
        2.183459738687593,
        1.8231471825619132,
        1.8709322636832997,
        1.6138661505312335,
        1.5675034082057524,
        1.4400737486323532,
        1.2916078981088133,
        1.1484030342223692,
        1.025194127340706,
        0.9561798399200245,
        0.8786411759804706,
        0.8467084932692197,
        0.7807828267009891,
        0.8940809901271548,
        0.7351149969867298,
        0.6668341064027378,
        0.6695537264553868,
        0.6265215457093959,
        0.6449458651548746
    ],
    "train_acc": [
        0.35012755102040816,
        0.4276147959183674,
        0.4719387755102041,
        0.4955357142857143,
        0.5251913265306123,
        0.5232780612244898,
        0.5449617346938775,
        0.5727040816326531,
        0.5880102040816326,
        0.6119260204081632,
        0.6179846938775511,
        0.609375,
        0.6501913265306123,
        0.6383928571428571,
        0.6651785714285714,
        0.6715561224489796,
        0.6792091836734694,
        0.6945153061224489,
        0.7005739795918368,
        0.7225765306122449,
        0.7391581632653061,
        0.7566964285714286,
        0.7662627551020408,
        0.7697704081632653,
        0.7563775510204082,
        0.7901785714285714,
        0.7927295918367347,
        0.8058035714285714,
        0.8105867346938775,
        0.8115433673469388
    ],
    "val_loss": [
        15.83970122110276,
        7.635895978836786,
        9.625798497881208,
        9.627641428084601,
        4.632896991003127,
        4.585890440713792,
        8.07618218376523,
        6.312539781842913,
        2.3111686621393477,
        4.885679687772479,
        4.96592995098659,
        1.871255460239592,
        4.1114069393702914,
        1.663981800987607,
        2.0718205826623097,
        2.0002643437612626,
        2.1976105258578347,
        1.8378708759943645,
        0.9081171864554995,
        1.4673514593215216,
        0.8901409393265134,
        1.025833432163511,
        0.9134689711389088,
        1.620198735169002,
        2.277292836280096,
        0.7799825270970663,
        0.6717932522296906,
        0.6867224559897468,
        0.8667569245610919,
        0.6109597973880314
    ],
    "val_acc": [
        0.36607142857142855,
        0.37202380952380953,
        0.4166666666666667,
        0.29017857142857145,
        0.4583333333333333,
        0.46577380952380953,
        0.37648809523809523,
        0.45535714285714285,
        0.6294642857142857,
        0.3869047619047619,
        0.46875,
        0.5982142857142857,
        0.4255952380952381,
        0.6101190476190477,
        0.5550595238095238,
        0.6369047619047619,
        0.6651785714285714,
        0.5386904761904762,
        0.7321428571428571,
        0.6205357142857143,
        0.7247023809523809,
        0.7113095238095238,
        0.7723214285714286,
        0.6101190476190477,
        0.5163690476190477,
        0.7991071428571429,
        0.8035714285714286,
        0.8020833333333334,
        0.7589285714285714,
        0.8154761904761905
    ]
}
