{
    "feature_type": "chroma",
    "mean": 3.857360840581658e-16,
    "std": 1.0000000000000004,
    "min": -0.874220509921273,
    "max": 2.229470000398452,
    "shape": [
        4481,
        1,
        12,
        141
    ],
    "n_samples": 4481,
    "timestamp": "20250509_142359",
    "channel_means": [
        3.857360840581658e-16
    ],
    "channel_stds": [
        1.0000000000000004
    ]
}