{
    "feature_type": "mfcc",
    "mean": -3.2147335213007316e-16,
    "std": 1.0,
    "min": -5.46116497054235,
    "max": 5.758141126794486,
    "shape": [
        4481,
        1,
        40,
        141
    ],
    "n_samples": 4481,
    "timestamp": "20250509_142402",
    "channel_means": [
        -3.2147335213007316e-16
    ],
    "channel_stds": [
        1.0
    ]
}