{
  "test_accuracy": 0.9464882943143813,
  "test_loss": 0.0,
  "confusion_matrix": [
    [
      145,
      0,
      2,
      0,
      0,
      3
    ],
    [
      1,
      141,
      1,
      0,
      3,
      1
    ],
    [
      1,
      2,
      138,
      0,
      0,
      9
    ],
    [
      0,
      0,
      1,
      156,
      3,
      2
    ],
    [
      0,
      1,
      0,
      2,
      151,
      0
    ],
    [
      2,
      3,
      8,
      3,
      0,
      118
    ]
  ],
  "classification_report": {
    "anger": {
      "precision": 0.9731543624161074,
      "recall": 0.9666666666666667,
      "f1-score": 0.9698996655518395,
      "support": 150.0
    },
    "fear": {
      "precision": 0.9591836734693877,
      "recall": 0.9591836734693877,
      "f1-score": 0.9591836734693877,
      "support": 147.0
    },
    "happiness": {
      "precision": 0.92,
      "recall": 0.92,
      "f1-score": 0.92,
      "support": 150.0
    },
    "neutral": {
      "precision": 0.968944099378882,
      "recall": 0.9629629629629629,
      "f1-score": 0.9659442724458205,
      "support": 162.0
    },
    "sadness": {
      "precision": 0.9617834394904459,
      "recall": 0.9805194805194806,
      "f1-score": 0.9710610932475884,
      "support": 154.0
    },
    "surprised": {
      "precision": 0.8872180451127819,
      "recall": 0.8805970149253731,
      "f1-score": 0.8838951310861424,
      "support": 134.0
    },
    "macro avg": {
      "precision": 0.9450472699779341,
      "recall": 0.9449882997573118,
      "f1-score": 0.9449973059667965,
      "support": 897.0
    },
    "weighted avg": {
      "precision": 0.9464258262970305,
      "recall": 0.9464882943143813,
      "f1-score": 0.9464362072404353,
      "support": 897.0
    }
  }
}