{
  "test_accuracy": 0.947603121516165,
  "test_loss": 0.0,
  "confusion_matrix": [
    [
      146,
      0,
      0,
      0,
      0,
      4
    ],
    [
      2,
      143,
      0,
      0,
      0,
      2
    ],
    [
      2,
      1,
      133,
      0,
      0,
      14
    ],
    [
      1,
      0,
      3,
      155,
      2,
      1
    ],
    [
      0,
      0,
      0,
      2,
      152,
      0
    ],
    [
      3,
      5,
      2,
      3,
      0,
      121
    ]
  ],
  "classification_report": {
    "anger": {
      "precision": 0.948051948051948,
      "recall": 0.9733333333333334,
      "f1-score": 0.9605263157894737,
      "support": 150.0
    },
    "fear": {
      "precision": 0.959731543624161,
      "recall": 0.9727891156462585,
      "f1-score": 0.9662162162162162,
      "support": 147.0
    },
    "happiness": {
      "precision": 0.9637681159420289,
      "recall": 0.8866666666666667,
      "f1-score": 0.9236111111111112,
      "support": 150.0
    },
    "neutral": {
      "precision": 0.96875,
      "recall": 0.9567901234567902,
      "f1-score": 0.9627329192546584,
      "support": 162.0
    },
    "sadness": {
      "precision": 0.987012987012987,
      "recall": 0.987012987012987,
      "f1-score": 0.987012987012987,
      "support": 154.0
    },
    "surprised": {
      "precision": 0.852112676056338,
      "recall": 0.9029850746268657,
      "f1-score": 0.8768115942028986,
      "support": 134.0
    },
    "macro avg": {
      "precision": 0.9465712117812438,
      "recall": 0.9465962167904837,
      "f1-score": 0.9461518572645575,
      "support": 897.0
    },
    "weighted avg": {
      "precision": 0.948689124975917,
      "recall": 0.947603121516165,
      "f1-score": 0.9477256235912092,
      "support": 897.0
    }
  }
}